"rgn_id","year","count"
2,1988,108200
11,1988,108200
5,1988,108200
4,1988,108200
3,1988,108200
14,1988,108200
7,1988,108200
1,1988,108200
8,1988,108200
9,1988,108200
10,1988,108200
13,1988,108200
12,1988,108200
6,1988,108200
2,1989,98400
11,1989,98400
5,1989,98400
4,1989,98400
3,1989,98400
14,1989,98400
7,1989,98400
1,1989,98400
8,1989,98400
9,1989,98400
10,1989,98400
13,1989,98400
12,1989,98400
6,1989,98400
2,1990,96700
11,1990,96700
5,1990,96700
4,1990,96700
3,1990,96700
14,1990,96700
7,1990,96700
1,1990,96700
8,1990,96700
9,1990,96700
10,1990,96700
13,1990,96700
12,1990,96700
6,1990,96700
2,1991,100600
11,1991,100600
5,1991,100600
4,1991,100600
3,1991,100600
14,1991,100600
7,1991,100600
1,1991,100600
8,1991,100600
9,1991,100600
10,1991,100600
13,1991,100600
12,1991,100600
6,1991,100600
2,1992,91700
11,1992,91700
5,1992,91700
4,1992,91700
3,1992,91700
14,1992,91700
7,1992,91700
1,1992,91700
8,1992,91700
9,1992,91700
10,1992,91700
13,1992,91700
12,1992,91700
6,1992,91700
2,1993,119900
11,1993,119900
5,1993,119900
4,1993,119900
3,1993,119900
14,1993,119900
7,1993,119900
1,1993,119900
8,1993,119900
9,1993,119900
10,1993,119900
13,1993,119900
12,1993,119900
6,1993,119900
2,1994,109600
11,1994,109600
5,1994,109600
4,1994,109600
3,1994,109600
14,1994,109600
7,1994,109600
1,1994,109600
8,1994,109600
9,1994,109600
10,1994,109600
13,1994,109600
12,1994,109600
6,1994,109600
2,1995,106200
11,1995,106200
5,1995,106200
4,1995,106200
3,1995,106200
14,1995,106200
7,1995,106200
1,1995,106200
8,1995,106200
9,1995,106200
10,1995,106200
13,1995,106200
12,1995,106200
6,1995,106200
2,1996,113600
11,1996,113600
5,1996,113600
4,1996,113600
3,1996,113600
14,1996,113600
7,1996,113600
1,1996,113600
8,1996,113600
9,1996,113600
10,1996,113600
13,1996,113600
12,1996,113600
6,1996,113600
2,1997,126000
11,1997,126000
5,1997,126000
4,1997,126000
3,1997,126000
14,1997,126000
7,1997,126000
1,1997,126000
8,1997,126000
9,1997,126000
10,1997,126000
13,1997,126000
12,1997,126000
6,1997,126000
2,1998,126300
11,1998,126300
5,1998,126300
4,1998,126300
3,1998,126300
14,1998,126300
7,1998,126300
1,1998,126300
8,1998,126300
9,1998,126300
10,1998,126300
13,1998,126300
12,1998,126300
6,1998,126300
2,1999,131600
11,1999,131600
5,1999,131600
4,1999,131600
3,1999,131600
14,1999,131600
7,1999,131600
1,1999,131600
8,1999,131600
9,1999,131600
10,1999,131600
13,1999,131600
12,1999,131600
6,1999,131600
2,2000,123900
11,2000,123900
5,2000,123900
4,2000,123900
3,2000,123900
14,2000,123900
7,2000,123900
1,2000,123900
8,2000,123900
9,2000,123900
10,2000,123900
13,2000,123900
12,2000,123900
6,2000,123900
2,2001,139400
11,2001,139400
5,2001,139400
4,2001,139400
3,2001,139400
14,2001,139400
7,2001,139400
1,2001,139400
8,2001,139400
9,2001,139400
10,2001,139400
13,2001,139400
12,2001,139400
6,2001,139400
2,2002,137300
11,2002,137300
5,2002,137300
4,2002,137300
3,2002,137300
14,2002,137300
7,2002,137300
1,2002,137300
8,2002,137300
9,2002,137300
10,2002,137300
13,2002,137300
12,2002,137300
6,2002,137300
2,2003,127600
11,2003,127600
5,2003,127600
4,2003,127600
3,2003,127600
14,2003,127600
7,2003,127600
1,2003,127600
8,2003,127600
9,2003,127600
10,2003,127600
13,2003,127600
12,2003,127600
6,2003,127600
2,2004,128600
11,2004,128600
5,2004,128600
4,2004,128600
3,2004,128600
14,2004,128600
7,2004,128600
1,2004,128600
8,2004,128600
9,2004,128600
10,2004,128600
13,2004,128600
12,2004,128600
6,2004,128600
2,2005,133500
11,2005,133500
5,2005,133500
4,2005,133500
3,2005,133500
14,2005,133500
7,2005,133500
1,2005,133500
8,2005,133500
9,2005,133500
10,2005,133500
13,2005,133500
12,2005,133500
6,2005,133500
2,2006,143800
11,2006,143800
5,2006,143800
4,2006,143800
3,2006,143800
14,2006,143800
7,2006,143800
1,2006,143800
8,2006,143800
9,2006,143800
10,2006,143800
13,2006,143800
12,2006,143800
6,2006,143800
2,2007,151900
11,2007,151900
5,2007,151900
4,2007,151900
3,2007,151900
14,2007,151900
7,2007,151900
1,2007,151900
8,2007,151900
9,2007,151900
10,2007,151900
13,2007,151900
12,2007,151900
6,2007,151900
2,2008,157800
11,2008,157800
5,2008,157800
4,2008,157800
3,2008,157800
14,2008,157800
7,2008,157800
1,2008,157800
8,2008,157800
9,2008,157800
10,2008,157800
13,2008,157800
12,2008,157800
6,2008,157800
2,2009,174800
11,2009,174800
5,2009,174800
4,2009,174800
3,2009,174800
14,2009,174800
7,2009,174800
1,2009,174800
8,2009,174800
9,2009,174800
10,2009,174800
13,2009,174800
12,2009,174800
6,2009,174800
2,2010,176400
11,2010,176400
5,2010,176400
4,2010,176400
3,2010,176400
14,2010,176400
7,2010,176400
1,2010,176400
8,2010,176400
9,2010,176400
10,2010,176400
13,2010,176400
12,2010,176400
6,2010,176400
2,2011,176800
11,2011,176800
5,2011,176800
4,2011,176800
3,2011,176800
14,2011,176800
7,2011,176800
1,2011,176800
8,2011,176800
9,2011,176800
10,2011,176800
13,2011,176800
12,2011,176800
6,2011,176800
2,2012,177100
11,2012,177100
5,2012,177100
4,2012,177100
3,2012,177100
14,2012,177100
7,2012,177100
1,2012,177100
8,2012,177100
9,2012,177100
10,2012,177100
13,2012,177100
12,2012,177100
6,2012,177100
2,2013,183000
11,2013,183000
5,2013,183000
4,2013,183000
3,2013,183000
14,2013,183000
7,2013,183000
1,2013,183000
8,2013,183000
9,2013,183000
10,2013,183000
13,2013,183000
12,2013,183000
6,2013,183000
